{
  "project_info": {
    "project_number": "929092606631",
    "project_id": "chatapp-52586",
    "storage_bucket": "chatapp-52586.firebasestorage.app"
  },
  "client": [
    {
      "client_info": {
        "mobilesdk_app_id": "1:929092606631:android:a9d1c8381ed90317611982",
        "android_client_info": {
          "package_name": "com.example.chatapp"
        }
      },
      "oauth_client": [],
      "api_key": [
        {
          "current_key": "AIzaSyBnFgn6P9xAQrz8BjxCizwEYp9dHjuqI8I"
        }
      ],
      "services": {
        "appinvite_service": {
          "other_platform_oauth_client": []
        }
      }
    }
  ],
  "configuration_version": "1"
}